Path Accuracy,DOFs,Error
0.000800116,0.571429,0.327331
